engine_id,s13__median,s17__range,s13__iqr,s20__max,s15__mean_crossings,s20__first_last_diff,s8__range,s8__min,s11__range,s17__max,s9__mean_crossings,s17__q25,s13__q75,s11__median,s17__median,s20__min,s8__iqr,s11__first_last_diff,s2__q25,s8__q75,s8__first_last_diff,s8__last_value,s17__mean_crossings,s2__max,s17__first_last_diff,s20__last_value,s11__mean_crossings,s12__mean_crossings,s20__q75,s2__last5_mean,s13__first_last_diff,s2__last_value,s8__q25,s12__max,s17__q75,s13__mean_crossings,s2__mean,s2__std,s2__min,s2__median,s2__range,s2__skewness,s2__kurtosis,s2__q75,s2__iqr,s2__energy,s2__rms,s2__trend_slope,s2__trend_intercept,s2__abs_change_sum
1,0.3088235294117112,0.6666666666666643,0.16176470588197844,0.8062015503875948,49,-0.44961240310077955,0.4848484848489534,0.1515151515150137,0.773809523809522,0.8333333333333357,78,0.3333333333333357,0.41176470588197844,0.3571428571428612,0.4166666666666714,0.15503875968992276,0.12121212121201097,0.4642857142857153,0.3200301204819098,0.3636363636360329,0.39393939393994515,0.6363636363639671,61,0.9036144578313383,0.3333333333333357,0.26356589147286513,31,31,0.6356589147286797,0.7469879518072275,0.4411764705882888,0.7018072289156692,0.24242424242402194,0.8891257995735629,0.5,27,0.42501255020080136,0.14662506739829986,0.15060240963856586,0.40060240963853744,0.7530120481927725,0.7628681999040733,0.5000454648693728,0.5037650602409656,0.18373493975905575,38.788340107417426,0.44946924780916037,0.0018293986787287148,0.2503049763822091,20.204819277108754
2,0.25,0.75,0.1323529411765776,0.8527131782945752,43,-0.39534883720930125,0.45454545454504114,0.060606060606005485,0.797619047619051,0.8333333333333357,27,0.25,0.3088235294117112,0.26785714285714235,0.3333333333333357,0.06976744186045991,0.12121212121201097,0.7083333333333321,0.24548192771084132,0.2878787878789808,0.2878787878780713,0.45454545454504114,69,0.8222891566265389,0.5833333333333357,0.22480620155038622,37,35,0.7054263565891432,0.759036144578323,0.2205882352941444,0.7951807228915868,0.16666666666696983,0.9744136460554387,0.4166666666666714,56,0.3690441207338032,0.16873915540557882,0.018072289156606303,0.3463855421686901,0.8042168674699326,0.6402446780241831,0.00234567075625014,0.4789156626505928,0.2334337349397515,47.23080272898795,0.4056689005770943,0.001599111658250688,0.14037115360395483,26.746987951807796
3,0.25,0.75,0.07352941176486638,0.8449612403100737,45,-0.4341085271317837,0.37878787878798903,0.060606060606005485,0.8571428571428612,0.9166666666666714,7,0.3333333333333357,0.2794117647058556,0.3095238095238102,0.4166666666666714,0.17829457364340584,0.060606060606005485,0.5654761904761934,0.31024096385542066,0.25757575757597806,0.12121212121201097,0.3636363636360329,47,0.819277108433738,0.5833333333333357,0.20155038759689603,33,39,0.6666666666666643,0.7156626506024054,0.29411764705855603,0.6927710843373518,0.19696969696997257,0.957356076759055,0.5,83,0.4017298243252327,0.14282830681711678,0.08132530120482784,0.38855421686747604,0.7379518072289102,0.5614927861216187,0.09241666505526824,0.48042168674699326,0.1701807228915726,32.519433154303954,0.42623093613427354,0.0018270306762169332,0.23912409414192562,18.641566265060703
4,0.29411764705855603,0.75,0.058823529411711206,0.829457364341085,49,-0.46511627906976827,0.25757575757506856,0.16666666666696983,0.6309523809523832,0.9166666666666714,5,0.3333333333333357,0.32352941176441163,0.3630952380952408,0.4166666666666714,0.11627906976744029,0.060606060606005485,0.5119047619047592,0.34337349397591765,0.3030303030300274,0.10606060606096435,0.3484848484849863,51,1.0,0.4166666666666643,0.23255813953488058,41,51,0.6124031007751931,0.7451807228915754,0.13235294117612284,1.0,0.24242424242402194,0.8081023454157901,0.5,69,0.4374641422834182,0.13296567941669651,0.18072289156623356,0.42469879518071707,0.8192771084337664,1.0123404361901363,2.132213096797398,0.5,0.15662650602408235,39.49366744084773,0.457122744337589,0.0014903532436149288,0.29737093738361486,20.44277108433826
5,0.20588235294098922,0.75,0.10294117647117673,0.8914728682170505,59,-0.41085271317829,0.4393939393939945,0.030303030303002743,0.7738095238095255,0.8333333333333357,21,0.25,0.26470588235270043,0.2857142857142847,0.3333333333333357,0.15503875968992276,0.10606060606096435,0.6369047619047628,0.25301204819274403,0.24242424242402194,0.3030303030300274,0.4242424242420384,74,0.8463855421686901,0.3333333333333286,0.24031007751938205,39,45,0.6821705426356601,0.743373493975912,0.23529411764684482,0.677710843373518,0.1363636363630576,0.9275053304904048,0.5,73,0.374087427778025,0.1661271460517492,0.027108433734923665,0.3463855421686901,0.8192771084337664,0.6138764075472011,-0.03224892463944862,0.45783132530121406,0.20481927710847003,45.04056285382495,0.40919070936584023,0.0015123896053986464,0.1714272206546064,29.641566265060618
6,0.4264705882351336,0.5,0.11764705882342241,0.7441860465116292,53,-0.4031007751937956,0.4090909090909918,0.2727272727270247,0.5833333333333357,0.75,70,0.4166666666666714,0.49999999999954525,0.4880952380952408,0.5,0.08527131782945574,0.12121212121201097,0.3869047619047592,0.430722891566262,0.46969696969699726,0.33333333333393966,0.6666666666669698,78,0.8765060240963862,0.25,0.21705426356589186,29,43,0.5348837209302282,0.7524096385542294,0.3235294117648664,0.6807228915662904,0.3484848484849863,0.7505330490405271,0.5833333333333357,47,0.5217892847987684,0.1373902568684056,0.18373493975903443,0.5045180722891587,0.6927710843373518,0.3648720022396695,0.027028409581286716,0.6031626506024281,0.17243975903616615,54.71547031499486,0.5394809873554931,0.001750654041921781,0.3581031318790819,19.987951807229507
7,0.25,0.6666666666666643,0.13235294117612284,0.8372093023255793,59,-0.39534883720930125,0.5,0.060606060606005485,0.8035714285714306,0.8333333333333357,129,0.3333333333333357,0.32352941176441163,0.32142857142857295,0.4166666666666714,0.1860465116279073,0.1363636363630576,0.4345238095238102,0.30421686746987575,0.3030303030300274,0.33333333333393966,0.4393939393939945,61,0.9216867469879446,0.5,0.2480620155038764,35,37,0.6666666666666643,0.76686746987952,0.36764705882387716,0.8855421686747036,0.16666666666696983,0.9189765458422272,0.5,41,0.4076266455784505,0.15125308258118078,0.06927710843373802,0.38253012048193114,0.8524096385542066,0.742505774804312,0.6301965612447802,0.49246987951806886,0.1882530120481931,48.93769959355464,0.43468223690342067,0.0014441129739532947,0.2213360719384755,24.189759036144835
8,0.41176470588197844,0.5833333333333286,0.08823529411756681,0.6976744186046488,54,-0.5116279069767415,0.39393939393994515,0.24242424242402194,0.648809523809522,0.75,76,0.4166666666666714,0.47058823529368965,0.4940476190476204,0.5,0.07751937984496138,0.10227272727297532,0.5595238095238102,0.4374999999999929,0.4659090909090082,0.22727272727297532,0.5606060606060055,57,0.8463855421686901,0.0833333333333286,0.07751937984496138,31,41,0.5329457364341046,0.7186746987951779,0.1911764705882888,0.8012048192771033,0.3636363636360329,0.7334754797441434,0.5833333333333357,47,0.5193373493975914,0.12891244614428626,0.18373493975903443,0.5090361445783174,0.6626506024096557,0.19029410897339571,-0.17686054580565314,0.5956325301204899,0.158132530120497,42.93283676876201,0.5349943100554871,0.0017891611782478824,0.38604484161812413,16.237951807228768
9,0.1911764705882888,0.8333333333333357,0.07352941176486638,0.8759689922480618,63,-0.4573643410852668,0.8484848484849863,0.060606060606005485,0.7321428571428541,0.9166666666666714,7,0.25,0.2205882352941444,0.26190476190476275,0.3333333333333357,0.19379844961240167,0.0757575757579616,0.6071428571428541,0.24698795180722755,0.2121212121210192,0.8181818181819835,0.9090909090909918,39,0.8524096385542066,0.6666666666666714,0.24031007751938205,41,53,0.6899224806201545,0.720481927710847,0.8970588235301875,0.8524096385542066,0.1363636363630576,0.9445628997867885,0.4166666666666714,69,0.3574447041898919,0.14418186237202588,0.06024096385539224,0.3403614457831452,0.7921686746988144,0.6724875687222474,0.260762447569165,0.4397590361445509,0.19277108433732337,29.838791914646425,0.3852943044841082,0.0018354220784423704,0.17390249634565486,18.445783132531034
10,0.25,0.75,0.10294117647072198,1.0,55,-0.4108527131782971,0.4393939393939945,0.09090909090900823,0.696428571428573,0.8333333333333357,13,0.25,0.3088235294117112,0.2857142857142847,0.3333333333333357,0.06201550387596555,0.11742424242424931,0.619047619047624,0.2447289156626482,0.2878787878789808,0.33333333333303017,0.4848484848480439,61,0.9457831325301242,0.5833333333333357,0.28682170542635177,25,31,0.6899224806201545,0.7421686746988143,0.22058823529368965,0.7379518072289102,0.1704545454547315,0.9275053304904048,0.5,55,0.375732660371212,0.17380761363869443,0.0512048192771033,0.32831325301202696,0.894578313253021,0.77551771203605,0.07260295742552669,0.4728915662650479,0.2281626506023997,38.0170652489474,0.41382126777381223,0.002049640955832891,0.14924733475167756,21.95783132530164
11,0.23529411764684482,0.5833333333333286,0.10294117647026724,0.829457364341085,57,-0.5813953488372086,0.45454545454595063,0.07575757575705211,0.7261904761904745,0.75,13,0.3333333333333357,0.29411764705855603,0.29761904761904745,0.4166666666666714,0.10852713178294593,0.09090909090900823,0.6309523809523796,0.28765060240962725,0.2727272727270247,0.2121212121210192,0.4393939393939945,81,0.8674698795180973,0.4166666666666643,0.10852713178294593,39,41,0.6744186046511587,0.6939759036144608,0.27941176470631035,0.6957831325301242,0.18181818181801646,0.9083155650319981,0.5,79,0.38890562248995764,0.14537334513584335,0.06024096385539224,0.36746987951806886,0.807228915662705,0.6219662336801455,-0.010470840213750332,0.4766566265060135,0.18900602409638623,41.35030483379276,0.4150818435049525,0.0014921977184593975,0.21058799513405965,24.02409638554272
12,0.397058823529278,0.5,0.10294117647072198,0.6976744186046488,49,-0.10852713178294948,0.39393939393994515,0.24242424242402194,0.6607142857142847,0.75,90,0.4166666666666714,0.4558823529409892,0.4761904761904745,0.5,0.13178294573643257,0.10606060606096435,0.32142857142857295,0.41114457831326945,0.4393939393939945,0.39393939393994515,0.6363636363639671,66,0.8132530120481931,0.0833333333333357,0.38759689922480334,35,36,0.5426356589147296,0.7156626506024111,0.29411764705855603,0.6325301204819027,0.33333333333303017,0.7441364605543583,0.5,39,0.4964032600992191,0.12478429667959985,0.19578313253012425,0.49096385542168264,0.6174698795180689,0.22468497888107988,-0.3235716319598847,0.569277108433738,0.15813253012046857,44.52227282624459,0.5117574840755347,0.001686232721017299,0.35391659517325735,17.21084337349393
13,0.32352941176441163,0.5833333333333286,0.07352941176486638,0.7286821705426334,57,-0.1782945736434094,0.25757575757506856,0.19696969696997257,0.6369047619047628,0.75,9,0.4166666666666714,0.3676470588234224,0.4345238095238102,0.5,0.10852713178294593,0.060606060606005485,0.452380952380949,0.41566265060242813,0.3484848484849863,0.12121212121201097,0.37878787878798903,57,0.9186746987951722,0.4166666666666643,0.3023255813953476,37,40,0.5658914728682127,0.7759036144578317,0.07352941176441163,0.9186746987951722,0.2878787878789808,0.8123667377398789,0.5,72,0.49223889422721556,0.1262028160683482,0.2108433734939581,0.49096385542168264,0.7078313253012141,0.2887534808907192,0.3258341168916159,0.5602409638554491,0.14457831325302095,42.07495645231538,0.5080635464113902,0.0017787912252198355,0.34815680498440893,17.849397590361832
14,0.35294117647026724,0.5,0.07352941176441163,0.7364341085271313,43,-0.34108527131783006,0.3484848484840768,0.16666666666696983,0.6845238095238066,0.75,17,0.4166666666666714,0.38235294117612284,0.45833333333333215,0.5,0.13178294573643257,0.060606060606005485,0.5119047619047592,0.4277108433734895,0.3636363636360329,0.1363636363630576,0.4242424242420384,65,0.8915662650602485,0.4166666666666643,0.17054263565891148,35,51,0.5581395348837184,0.7295180722891587,0.20588235294098922,0.6867469879518069,0.3030303030300274,0.7292110874200404,0.5833333333333357,75,0.5043674698795193,0.11440746076210372,0.24698795180722755,0.4984939759036138,0.644578313253021,0.5898048479318165,0.7111861978150236,0.5722891566265105,0.14457831325302095,48.13252104804798,0.5171101378926714,0.0012224117929169427,0.3949616144134529,17.003012048193256
15,0.23529411764684482,0.6666666666666643,0.13235294117612284,0.8759689922480618,27,-0.3410852713178265,0.5909090909090082,0.060606060606005485,0.8214285714285694,0.8333333333333357,74,0.3333333333333357,0.32352941176441163,0.29761904761904745,0.3333333333333357,0.17829457364340584,0.1515151515150137,0.7857142857142847,0.2560240963855165,0.31818181818198354,0.46969696969699726,0.6515151515150137,53,0.819277108433738,0.4166666666666714,0.22480620155038622,25,35,0.7054263565891432,0.7355421686747092,0.4558823529409892,0.7349397590361377,0.16666666666696983,0.9317697228144937,0.4166666666666714,25,0.38452360165298777,0.1652991482589481,0.07228915662651048,0.3584337349397515,0.7469879518072275,0.650518773937938,-0.31687057012365516,0.48493975903616615,0.22891566265064967,36.23539338075196,0.41839002087627525,0.0020579607125453246,0.17255364826081934,22.02108433734969
16,0.397058823529278,0.5,0.08823529411756681,0.6434108527131777,67,-0.37984496124031253,0.3484848484849863,0.24242424242402194,0.5833333333333357,0.75,103,0.4166666666666714,0.44117647058783405,0.523809523809522,0.5,0.06976744186045991,0.09090909090900823,0.5178571428571459,0.4608433734939865,0.4242424242420384,0.2121212121210192,0.5303030303030027,49,0.9819277108433937,0.4166666666666643,0.16279069767441712,49,50,0.5193798449612395,0.8054216867470018,0.2205882352941444,0.7228915662650763,0.33333333333303017,0.7121535181236567,0.5833333333333357,45,0.5467371879863966,0.1236281509671436,0.21385542168673055,0.5301204819277245,0.7680722891566631,0.43369135548838605,0.29017094457388604,0.6265060240963862,0.1656626506023997,65.65365982000333,0.5604751052779949,0.0012790039700312642,0.4137207751031451,21.1234939759037
17,0.2205882352941444,0.75,0.08823529411756681,0.9147286821705407,83,-0.5503875968992276,0.39393939393903565,0.060606060606005485,0.7619047619047592,0.8333333333333357,7,0.3333333333333357,0.2794117647058556,0.29761904761904745,0.4166666666666714,0.13953488372092693,0.07954545454504114,0.4821428571428612,0.2906626506023997,0.24621212121201097,0.16666666666606034,0.3636363636360329,101,0.8674698795180973,0.4166666666666643,0.2790697674418574,63,47,0.6744186046511587,0.7433734939759177,0.20588235294098922,0.8313253012048278,0.16666666666696983,0.9125799573560869,0.5,77,0.3941963506198679,0.15156347909621246,0.07228915662651048,0.3765060240963862,0.7951807228915868,0.6273959411407799,0.2746669115106446,0.49096385542168264,0.20030120481928293,49.20500979822872,0.4222310043188149,0.001407033651078136,0.2007292235966242,28.3072289156637
18,0.2205882352941444,0.6666666666666643,0.07352941176486638,0.8449612403100737,41,-0.43410852713178727,0.7575757575759781,0.060606060606005485,0.7619047619047592,0.8333333333333357,11,0.3333333333333357,0.25,0.2738095238095255,0.3333333333333357,0.12403100775193465,0.0681818181815288,0.48809523809523725,0.27409638554217963,0.23484848484849863,0.7424242424249314,0.8181818181819835,60,0.855421686746979,0.4166666666666643,0.2790697674418574,27,64,0.6899224806201545,0.7614457831325353,0.5882352941180216,0.819277108433738,0.16666666666696983,0.9616204690831722,0.4166666666666714,69,0.3679950571516818,0.13843739705195524,0.03915662650601348,0.34939759036143414,0.8162650602409656,0.8735035825094265,1.2379908890168059,0.4397590361445509,0.1656626506023713,30.124963710262577,0.3930483346688572,0.0016182111800225126,0.21102857268949807,18.168674698795854
19,0.41176470588197844,0.5833333333333357,0.11764705882342241,0.7054263565891432,49,-0.37209302325581106,0.4848484848480439,0.16666666666696983,0.5178571428571423,0.8333333333333357,84,0.4166666666666714,0.4852941176468448,0.5059523809523832,0.5,0.015503875968988723,0.1022727272722932,0.3511904761904745,0.44578313253012425,0.45454545454504114,0.19696969696997257,0.6060606060609643,59,0.8765060240963862,0.3333333333333357,0.10852713178294593,37,35,0.5251937984496102,0.6668674698795201,0.38235294117612284,0.6415662650602485,0.35227272727274794,0.7249466950959516,0.5833333333333357,31,0.5246111026384019,0.12073021048613981,0.2108433734939581,0.5120481927710756,0.6656626506024281,0.2878165318649521,0.21872705221783129,0.5978915662650692,0.15210843373494498,45.77265386848616,0.5382381823503288,0.0016356295161891066,0.39621418561755706,15.647590361446163
20,0.35294117647026724,0.5833333333333286,0.10294117647026724,0.7364341085271313,73,-0.24031007751938205,0.4090909090909918,0.19696969696997257,0.6726190476190439,0.75,66,0.4166666666666714,0.41176470588197844,0.45833333333333215,0.5,0.12403100775193465,0.11742424242402194,0.35119047619047095,0.40662650602408235,0.40530303030300274,0.3030303030309369,0.6060606060609643,73,0.8765060240963862,0.5,0.33333333333333215,37,63,0.5348837209302282,0.7861445783132638,0.3382352941175668,0.7981927710843593,0.2878787878789808,0.7121535181236567,0.5833333333333357,65,0.49559777571825636,0.1288932243527941,0.1867469879518069,0.4728915662650479,0.6897590361445793,0.5148943920821514,-0.012204198886104134,0.569277108433738,0.16265060240965568,61.34535128465657,0.5120152545331055,0.0011065440015649072,0.3666853995359447,24.048192771084786
21,0.32352941176441163,0.75,0.058823529411711206,0.7519379844961236,69,-0.35658914728682234,0.2878787878780713,0.16666666666696983,0.672619047619051,0.9166666666666714,9,0.3333333333333357,0.35294117647026724,0.4047619047619051,0.4166666666666714,0.16279069767441712,0.060606060606005485,0.35714285714285765,0.37198795180724176,0.33333333333303017,0.16666666666606034,0.4242424242420384,50,0.8493975903614341,0.3333333333333357,0.23255813953488058,37,51,0.5852713178294557,0.7891566265060306,0.1911764705882888,0.8012048192771033,0.2727272727270247,0.7974413646055325,0.5,93,0.4599474822366371,0.1328629384195668,0.2048192771084132,0.44578313253012425,0.644578313253021,0.5808584715607087,0.2234765418833331,0.5421686746987859,0.17018072289154418,44.67717556974864,0.4786582506031896,0.0015101871175650728,0.31345933183282504,20.46084337349481
22,0.4264705882351336,0.5833333333333357,0.10294117647072198,0.6744186046511587,59,-0.4108527131782935,0.37878787878798903,0.24242424242402194,0.5654761904761934,0.8333333333333357,74,0.4166666666666714,0.4852941176468448,0.5119047619047628,0.5,0.10852713178294593,0.10606060606096435,0.4166666666666643,0.4397590361445509,0.46969696969699726,0.31818181818198354,0.6060606060609643,57,0.8012048192771033,0.4166666666666643,0.22480620155038622,43,43,0.5116279069767415,0.711445783132541,0.20588235294144397,0.7319277108433653,0.3636363636360329,0.7057569296375306,0.5833333333333357,51,0.5221877609447685,0.11694226651606,0.27710843373492366,0.5090361445783032,0.5240963855421796,0.24896878668537942,-0.586366056745296,0.6046686746988144,0.16490963855426344,57.83014588474369,0.5350587359482815,0.001368635813428245,0.38463986169522985,18.656626506023713
23,0.38235294117612284,0.5,0.11764705882342241,0.759689922480618,43,-0.36434108527132025,0.4393939393939945,0.19696969696997257,0.5833333333333321,0.75,93,0.4166666666666714,0.44117647058783405,0.44642857142857295,0.5,0.06976744186045991,0.10606060606096435,0.38690476190476275,0.40662650602408235,0.4090909090909918,0.2121212121219287,0.5454545454549589,62,0.8614457831325524,0.25,0.13953488372092693,29,35,0.5523255813953476,0.7427710843373632,0.3823529411765776,0.6355421686747036,0.3030303030300274,0.7633262260127935,0.5833333333333357,35,0.5018466724039027,0.13174400290979343,0.2259036144578488,0.5090361445783174,0.6355421686747036,0.027392984042627334,-0.3906853597489235,0.5888554216867306,0.1822289156626482,45.209346421832336,0.5187516289236177,0.0018272494211487946,0.34927134573797836,16.00000000000051
24,0.2794117647058556,0.6666666666666643,0.16176470588197844,0.790697674418599,33,-0.3875968992248069,0.5606060606060055,0.09090909090900823,0.7261904761904745,0.8333333333333357,49,0.3333333333333357,0.38235294117612284,0.3571428571428612,0.4166666666666714,0.19379844961240167,0.15151515151546846,0.648809523809522,0.3463855421686901,0.36363636363648766,0.3484848484849863,0.6060606060609643,41,0.8283132530120554,0.5833333333333357,0.3410852713178265,21,17,0.6201550387596875,0.7891566265060248,0.4117647058824332,0.7771084337349237,0.2121212121210192,0.8336886993603514,0.5,19,0.44543480042619354,0.14710602100095818,0.12349397590361377,0.4216867469879446,0.7048192771084416,0.6249117124186677,-0.0013964183504695526,0.5271084337349521,0.18072289156626198,32.32605421686748,0.4689404340926358,0.0025229138148526514,0.26126209194195,13.981927710843877
25,0.35294117647026724,0.6666666666666643,0.06985294117623653,0.7519379844961236,63,-0.4651162790697647,0.3030303030300274,0.2121212121210192,0.6785714285714306,0.8333333333333357,11,0.4166666666666714,0.38235294117612284,0.44047619047619335,0.4166666666666714,0.10852713178294593,0.060606060606005485,0.36309523809523725,0.3795180722891587,0.3636363636360329,0.060606060606005485,0.3636363636360329,77,0.8945783132529925,0.5,0.1860465116279073,63,68,0.5736434108527142,0.7403614457831338,0.058823529411711206,0.7409638554216826,0.3030303030300274,0.7697228144989197,0.5,110,0.4745023572551069,0.13418532232349364,0.12048192771084132,0.46987951807227546,0.7740963855421512,0.2813049774731917,-0.06038941008977616,0.5685240963855449,0.18900602409638623,55.908377485846934,0.4930313398886302,0.0012837865879422635,0.3275087929357178,24.0361445783131
26,0.35294117647026724,0.6666666666666643,0.07352941176486638,0.7441860465116292,69,-0.42635658914728225,0.22727272727206582,0.22727272727297532,0.553571428571427,0.8333333333333357,3,0.4166666666666714,0.397058823529278,0.45833333333333215,0.5,0.10077519379845157,0.045454545454049367,0.29166666666666075,0.4277108433734895,0.3636363636360329,0.0757575757579616,0.4393939393939945,87,0.8524096385542066,0.4166666666666643,0.10077519379845157,47,71,0.5387596899224789,0.7108433734939752,0.10294117647026724,0.6927710843373518,0.31818181818198354,0.7292110874200404,0.5833333333333357,78,0.5011654658836335,0.11688787266867674,0.18373493975903443,0.49096385542168264,0.6686746987951722,0.2155656074695676,0.033613439392249145,0.5722891566265105,0.14457831325302095,52.68742742052528,0.5145492608212404,0.0012648125622636897,0.37594902221952825,19.35843373493995
27,0.3088235294117112,0.5833333333333357,0.08823529411756681,0.759689922480618,45,-0.06976744186046702,0.3484848484849863,0.10606060606005485,0.625,0.8333333333333357,11,0.4166666666666714,0.35294117647026724,0.4107142857142847,0.4166666666666714,0.12403100775193465,0.0757575757579616,0.38690476190476275,0.38253012048193114,0.31818181818198354,0.1363636363639671,0.4090909090909918,43,0.8403614457831452,0.5,0.39534883720930125,34,42,0.5891472868217029,0.7361445783132524,0.1323529411765776,0.7680722891566347,0.24242424242402194,0.784648187633266,0.5,59,0.4729108742662929,0.13640696471965894,0.17168674698794462,0.4427710843373376,0.6686746987952006,0.469568601693669,-0.14145967968796302,0.5549698795180689,0.17243975903613773,37.77263572361698,0.49206938563539593,0.002098598436673177,0.3102694954241217,16.05120481927736
28,0.2205882352941444,0.6666666666666643,0.16176470588288794,0.8527131782945752,29,-0.6279069767441889,0.5151515151519561,0.060606060606005485,0.797619047619051,0.75,45,0.25,0.32352941176441163,0.2857142857142847,0.3333333333333357,0.0930232558139501,0.1515151515150137,0.5357142857142847,0.24096385542168264,0.3030303030300274,0.3030303030309369,0.4393939393939945,43,0.8433734939759177,0.4166666666666714,0.17829457364340584,13,15,0.6821705426356601,0.7728915662650764,0.29411764705855603,0.8433734939759177,0.1515151515150137,0.9083155650319981,0.5,27,0.37276378240233526,0.16856582833470185,0.03012048192769612,0.3313253012047994,0.8132530120482215,0.7263295093560646,-0.07626667033552836,0.4789156626505928,0.23795180722891018,27.587186093772686,0.4088949342251454,0.002728537637848757,0.1490236960987372,16.52710843373518
29,0.32352941176441163,0.5,0.125,0.7519379844961236,47,-0.620155038759691,0.5,0.12121212121201097,0.6369047619047628,0.75,88,0.3333333333333357,0.41911764705855603,0.4047619047619051,0.4166666666666714,0.11627906976744029,0.14393939393903565,0.4583333333333357,0.3629518072289102,0.39393939393903565,0.2878787878789808,0.5,49,0.8704819277108697,0.25,0.11627906976744029,27,35,0.5736434108527142,0.7903614457831395,0.352941176470722,0.8343373493976003,0.25,0.8443496801705805,0.5,25,0.4652043757853488,0.14163751461738266,0.12048192771084132,0.4487951807228967,0.7500000000000284,0.45382710925270064,-0.08324444920916241,0.5587349397590486,0.19578313253013846,38.52557519233554,0.4861617241606627,0.0021890227710516627,0.2878935313301641,15.63554216867496
30,0.2205882352941444,0.5833333333333286,0.16176470588288794,0.9302325581395365,41,-0.720930232558139,0.6212121212129205,0.015151515151046624,0.797619047619051,0.75,83,0.25,0.32352941176441163,0.2708333333333339,0.3333333333333357,0.07751937984496138,0.16666666666696983,0.6547619047619051,0.2597891566265105,0.31818181818198354,0.5000000000009095,0.6363636363639671,45,0.8433734939759177,0.3333333333333357,0.07751937984496138,23,27,0.7054263565891432,0.7481927710843422,0.5147058823536099,0.6415662650602485,0.1515151515150137,0.9360341151386109,0.4166666666666714,21,0.36149236119736444,0.15489283981485052,0.07228915662651048,0.3403614457831452,0.7710843373494072,0.7764981234626168,0.4972154770208741,0.430722891566262,0.1709337349397515,29.981700899985313,0.3931219276508553,0.0020242640096448006,0.16615088426664118,19.590361445783827
31,0.26470588235270043,0.6666666666666643,0.1323529411765776,0.8914728682170505,45,-0.4341085271317837,0.5909090909099177,0.07575757575705211,0.7797619047619051,0.75,87,0.3333333333333357,0.3382352941175668,0.29166666666666785,0.4166666666666714,0.11627906976744029,0.14772727272725206,0.6726190476190474,0.286144578313241,0.3295454545452685,0.4393939393939945,0.6666666666669698,69,0.8734939759036138,0.4166666666666643,0.2480620155038764,31,33,0.6821705426356601,0.7325301204819311,0.5294117647063104,0.6897590361445793,0.18181818181801646,0.8891257995735629,0.47916666666666785,47,0.3858253526928208,0.1508163240631301,0.08734939759034432,0.36144578313252396,0.7861445783132694,0.7819817254239849,0.4383692781385773,0.463855421686759,0.17771084337351795,40.13323777035847,0.4141371308168226,0.0015409022701089639,0.2063102382251265,25.801204819278098
32,0.38235294117612284,0.5833333333333357,0.0808823529412166,0.6666666666666643,48,-0.37984496124031253,0.31818181818198354,0.24242424242402194,0.7023809523809526,0.8333333333333357,15,0.4166666666666714,0.43382352941148383,0.4880952380952408,0.5,0.12403100775193465,0.0757575757579616,0.5059523809523796,0.4472891566265105,0.4090909090909918,0.015151515151046624,0.4242424242420384,79,0.8042168674698758,0.25,0.12403100775193465,45,51,0.5232558139534866,0.6933734939759006,0.10294117647072198,0.644578313253021,0.33333333333303017,0.6695095948827401,0.5833333333333357,63,0.5279757774553722,0.11207920437326806,0.26506024096386227,0.5271084337349521,0.5391566265060135,0.16145495218810088,-0.3767034476085107,0.5993975903614626,0.1521084337349521,55.629590651764005,0.5396799063501773,0.001143783594006807,0.4193163360247255,18.67469879518123
33,0.23529411764684482,0.75,0.14705882352927802,0.8759689922480618,41,-0.37209302325581106,0.6060606060609643,0.030303030303002743,0.8273809523809526,0.8333333333333357,90,0.25,0.32352941176441163,0.26785714285714235,0.3333333333333357,0.1860465116279073,0.14015151515172874,0.6369047619047628,0.2552710843373234,0.29166666666674246,0.33333333333303017,0.5,51,0.855421686746979,0.5833333333333286,0.21705426356589186,29,23,0.6899224806201545,0.7481927710843366,0.41176470588197844,0.819277108433738,0.1515151515150137,1.0,0.4166666666666714,23,0.3638253012048185,0.1531287737223856,0.04518072289155839,0.338855421686759,0.8102409638554207,0.6840008355799727,0.32068228920234665,0.463855421686759,0.2085843373494356,31.140005806357966,0.3945884299264106,0.0019649632807085464,0.1683114547743181,20.810240963856018
34,0.3088235294117112,0.5833333333333286,0.07352941176486638,0.790697674418599,51,-0.3100775193798455,0.2878787878789808,0.1515151515150137,0.7202380952380985,0.75,9,0.4166666666666714,0.3382352941175668,0.4047619047619051,0.4166666666666714,0.17054263565891148,0.060606060606005485,0.5952380952380949,0.36144578313252396,0.31818181818198354,0.1515151515150137,0.4090909090909918,71,0.8222891566265389,0.4166666666666643,0.17054263565891148,49,53,0.5775193798449614,0.7409638554217054,0.10294117647026724,0.8222891566265389,0.25757575757597806,0.7739872068230369,0.5,77,0.46547729379054653,0.13591539403035724,0.10843373493977992,0.46987951807227546,0.713855421686759,0.2091061829720392,-0.07547599704810937,0.5436746987951722,0.1822289156626482,45.834237552620195,0.48481684383354395,0.001550194043584426,0.3151084715628572,20.849397590362088
35,0.3088235294117112,0.5,0.08823529411756681,0.8527131782945752,47,-0.3023255813953476,0.39393939393994515,0.1515151515150137,0.6071428571428577,0.75,23,0.3333333333333357,0.3676470588234224,0.39285714285714235,0.4166666666666714,0.16279069767441712,0.10606060606096435,0.37499999999999645,0.34337349397591765,0.3484848484849863,0.2727272727270247,0.5151515151510466,53,0.8674698795180973,0.3333333333333357,0.23255813953488058,41,24,0.5968992248061973,0.7337349397590345,0.29411764705855603,0.8132530120481931,0.24242424242402194,0.7910447761194064,0.5,49,0.45596751647473804,0.1425615657392918,0.12349397590361377,0.43373493975903443,0.7439759036144835,0.5233690016762418,-0.11250468783380585,0.5512048192771033,0.20783132530118564,41.28933807519234,0.47761688613175074,0.0018127150091471816,0.2928231656514917,20.036144578313326
36,0.35294117647026724,0.5,0.11764705882342241,0.7441860465116292,41,-0.4108527131782971,0.5,0.16666666666696983,0.6011904761904745,0.75,68,0.4166666666666714,0.4264705882351336,0.45833333333333215,0.5,0.15503875968992276,0.10606060606005485,0.5773809523809526,0.3930722891566276,0.39393939393903565,0.3030303030309369,0.5757575757579616,61,0.8433734939759177,0.25,0.19379844961240167,33,29,0.5736434108527142,0.7602409638554206,0.32352941176441163,0.6325301204819027,0.2878787878789808,0.7526652452025644,0.5625000000000018,33,0.5054331249046831,0.13681644158033432,0.2560240963855165,0.49698795180722755,0.5873493975904012,0.45119566415000384,-0.4065277796737812,0.5858433734939652,0.19277108433733758,43.30193968645693,0.5235101808064053,0.001994623538948719,0.3488551770972086,16.650602409638708
37,0.38235294117612284,0.5833333333333286,0.1323529411765776,0.8217054263565906,48,-0.5736434108527178,0.4393939393939945,0.2121212121210192,0.6607142857142847,0.75,67,0.3333333333333357,0.4558823529409892,0.4375000000000018,0.4166666666666714,0.17054263565891148,0.1363636363639671,0.625,0.3862951807228967,0.4393939393939945,0.37878787878798903,0.5909090909090082,45,0.8253012048193114,0.3333333333333357,0.17829457364340584,35,25,0.5891472868217029,0.7313253012048392,0.26470588235270043,0.7951807228915868,0.3030303030300274,0.7825159914712145,0.5,35,0.4871899362154492,0.1332165697181874,0.18072289156623356,0.4713855421686617,0.6445783132530778,0.3966448049549331,-0.44781261397448135,0.591867469879503,0.2055722891566063,43.34937037305853,0.5049715797073226,0.0018515044294275219,0.33073781192882357,16.466867469879844
38,0.3382352941175668,0.5833333333333357,0.07352941176441163,0.7519379844961236,68,-0.46511627906976827,0.39393939393994515,0.1515151515150137,0.7678571428571459,0.8333333333333357,9,0.4166666666666714,0.38235294117612284,0.44642857142857295,0.5,0.16279069767441712,0.07575757575705211,0.6130952380952372,0.404367469879503,0.3636363636360329,0.3484848484849863,0.5454545454549589,59,0.8313253012048278,0.3333333333333286,0.16279069767441712,39,59,0.5639534883720891,0.7289156626506156,0.08823529411756681,0.8253012048193114,0.2878787878789808,0.718550106609797,0.5,81,0.4956992920134143,0.12681248527449576,0.20180722891566916,0.49096385542168264,0.6295180722891587,0.1729922370833816,-0.3397020425190078,0.5813253012048278,0.17695783132532483,50.77296233125281,0.5115821543765584,0.0012925348016795942,0.3709696836513334,21.560240963855648
39,0.41176470588197844,0.5,0.10294117647072198,0.7519379844961236,37,-0.3100775193798455,0.46969696969699726,0.22727272727297532,0.5892857142857189,0.75,59,0.4166666666666714,0.4558823529409892,0.4732142857142847,0.5,0.11627906976744029,0.1363636363630576,0.37500000000000355,0.44728915662650337,0.45454545454504114,0.2727272727279342,0.6060606060609643,53,1.0,0.25,0.2790697674418574,19,25,0.5426356589147296,0.819277108433738,0.3088235294117112,0.7379518072289102,0.31818181818198354,0.7377398720682322,0.5,39,0.5264966114457821,0.1378726691347446,0.1927710843373518,0.5105421686746894,0.8072289156626482,0.4365334056614141,0.5911635041237493,0.6091867469879659,0.16189759036146256,37.895558136159046,0.5441130837783104,0.0024298117207890964,0.3722035671756745,12.662650602409911
40,0.3676470588234224,0.5833333333333357,0.058823529411711206,0.7441860465116292,71,-0.18604651162791086,0.33333333333303017,0.18181818181801646,0.48809523809523725,0.8333333333333357,11,0.4166666666666714,0.397058823529278,0.4940476190476204,0.5,0.12403100775193465,0.07575757575705211,0.2619047619047592,0.4367469879518069,0.39393939393903565,0.22727272727297532,0.5,49,0.9186746987951722,0.25,0.17829457364340584,47,55,0.5058139534883708,0.7463855421686787,0.26470588235270043,0.8012048192771033,0.31818181818198354,0.703624733475479,0.5833333333333357,69,0.5368495257626268,0.1261795665137469,0.29216867469878594,0.5240963855421796,0.6265060240963862,0.3961349108655343,-0.3123230019572403,0.6234939759036138,0.1867469879518069,57.16027362461942,0.5514018576696968,0.0014066147071259015,0.405331050646355,20.759036144578488
41,0.25,0.6666666666666643,0.08823529411756681,0.7829457364341046,57,-0.5348837209302317,0.4393939393939945,0.045454545454049367,0.797619047619051,0.8333333333333357,13,0.3333333333333357,0.29411764705855603,0.31547619047619335,0.4166666666666714,0.07751937984496138,0.09090909090900823,0.6845238095238138,0.3004518072289173,0.2727272727270247,0.25757575757597806,0.39393939393903565,71,0.8614457831325524,0.5833333333333357,0.08527131782945574,31,35,0.6453488372093013,0.7680722891566347,0.1323529411765776,0.6927710843373518,0.18181818181801646,0.9381663113006482,0.5,72,0.4069611780455141,0.14546307067161765,0.07831325301205538,0.3930722891566205,0.783132530120497,0.576998821085067,0.13592596808962032,0.5007530120481931,0.20030120481927582,40.322652053999064,0.4320635887163371,0.001610306477939086,0.23385323166706237,23.22590361445799
42,0.29411764705855603,0.6666666666666643,0.11764705882342241,0.7674418604651159,51,-0.3410852713178265,0.5454545454549589,0.045454545454049367,0.6547619047619051,0.8333333333333357,85,0.3333333333333357,0.35294117647026724,0.3630952380952408,0.4166666666666714,0.13178294573643257,0.10984848484804388,0.3511904761904745,0.347891566265055,0.33333333333303017,0.31818181818198354,0.5909090909090082,49,0.8253012048193114,0.3333333333333357,0.22480620155038622,39,17,0.6356589147286797,0.7096385542168775,0.3382352941175668,0.6415662650602485,0.2234848484849863,0.8443496801705805,0.5,35,0.43942094910253127,0.1337162097927441,0.10542168674695063,0.41867469879517216,0.7198795180723607,0.4528930057182833,0.38049587283019237,0.5082831325301171,0.16039156626506212,41.33239584845394,0.45921625695893786,0.0015337349685620467,0.2898817896677317,19.373493975903926
43,0.26470588235270043,0.5833333333333286,0.16176470588197844,0.8682170542635639,55,-0.31007751937984906,0.621212121212011,0.09090909090900823,0.7440476190476168,0.75,69,0.3333333333333357,0.38235294117612284,0.31547619047619335,0.3333333333333357,0.10077519379845157,0.1515151515150137,0.5654761904761898,0.286144578313241,0.3484848484849863,0.5909090909090082,0.7121212121210192,58,0.8825301204819311,0.3333333333333286,0.23255813953488058,31,29,0.6821705426356601,0.7789156626506042,0.3823529411765776,0.8373493975903727,0.19696969696997257,0.8805970149253852,0.5,23,0.3943600488912151,0.15929276707005008,0.03614457831326945,0.37048192771086974,0.8463855421686617,0.5835389518288355,0.27104617748350357,0.4879518072289386,0.20180722891569758,37.41969081143833,0.4251722629656764,0.0019225642707858049,0.19633592900027722,20.611445783132865
44,0.25,0.6666666666666643,0.1323529411765776,0.8372093023255793,51,-0.519379844961243,0.4848484848489534,0.07575757575705211,0.7142857142857153,0.8333333333333357,57,0.3333333333333357,0.3382352941175668,0.31547619047619335,0.4166666666666714,0.07751937984496138,0.12121212121201097,0.5238095238095184,0.29743975903616615,0.3030303030300274,0.2121212121210192,0.4090909090909918,65,0.8795180722891587,0.4166666666666714,0.19379844961240167,25,41,0.6589147286821699,0.7475903614457934,0.3088235294117112,0.8253012048193114,0.18181818181801646,0.899786780383792,0.5,29,0.41054844377509986,0.1462862359446673,0.06325301204816469,0.3855421686747036,0.816265060240994,0.6177699554635828,0.05784063585695254,0.49171686746987575,0.1942771084337096,36.448940339672056,0.43570429299674335,0.0019507982013506,0.22424721554611757,16.424698795181058
45,0.2205882352941444,0.6666666666666643,0.11764705882342241,0.790697674418599,39,-0.720930232558139,0.4848484848480439,0.030303030303002743,0.8035714285714306,0.75,53,0.2708333333333339,0.29411764705855603,0.2857142857142847,0.3333333333333357,0.06201550387596555,0.12121212121201097,0.6904761904761898,0.2831325301204686,0.2727272727270247,0.3636363636369424,0.5,47,0.8614457831325524,0.4166666666666714,0.06201550387596555,17,27,0.6647286821705407,0.7138554216867703,0.41176470588288794,0.7500000000000284,0.1515151515150137,0.9339019189765594,0.5,31,0.3935679426567017,0.149940842519358,0.10843373493977992,0.38253012048193114,0.7530120481927725,0.6685118412958543,0.4144665044129301,0.46987951807227546,0.1867469879518069,28.003238859050697,0.420993692329628,0.002294774946194466,0.21342810938043613,17.307228915663217
46,0.25,0.6666666666666643,0.15073529411745312,0.829457364341085,63,-0.5813953488372086,0.5151515151519561,0.09090909090900823,0.8095238095238066,0.75,125,0.3333333333333357,0.3419117647057419,0.29166666666666785,0.3333333333333357,0.17829457364340584,0.1515151515150137,0.6071428571428541,0.27409638554217963,0.33333333333303017,0.31818181818198354,0.5303030303030027,59,0.9728915662650763,0.5,0.1860465116279073,31,39,0.6821705426356601,0.8463855421686788,0.4558823529409892,0.9728915662650763,0.18181818181801646,0.942430703624737,0.4166666666666714,31,0.38091820406626475,0.15777167759417754,0.012048192771061395,0.3524096385542066,0.9608433734940149,0.7832393184891905,0.9447409093781731,0.47439759036143414,0.2003012048192545,43.49269669037622,0.4121812058388666,0.0016071363015578344,0.17600832561764088,25.509036144579596
47,0.23529411764684482,0.75,0.10294117647026724,0.8914728682170505,43,-0.4728682170542662,0.5151515151510466,0.0,0.797619047619051,0.75,31,0.3333333333333357,0.29411764705855603,0.3035714285714306,0.3333333333333357,0.08527131782945574,0.12121212121201097,0.6369047619047628,0.2658132530120554,0.2878787878789808,0.3484848484849863,0.46969696969699726,65,0.8463855421686901,0.25,0.26356589147286513,35,35,0.6821705426356601,0.6921686746987973,0.33823529411802156,0.6897590361445793,0.16666666666696983,0.9850746268656678,0.47916666666666785,51,0.38443024434185263,0.15790457152910975,0.042168674698785935,0.36746987951806886,0.8042168674699042,0.5313090449695839,-0.17058970974251997,0.48418674698796593,0.21837349397591055,36.93724597183926,0.4154563191713851,0.001892082719974768,0.18292343466453984,23.545180722891928
48,0.20588235294098922,0.6666666666666643,0.0882352941184763,0.8604651162790695,71,-0.4341085271317766,0.8636363636369424,0.07575757575705211,0.7023809523809526,0.8333333333333357,13,0.3333333333333357,0.25,0.2857142857142847,0.3333333333333357,0.17054263565891148,0.060606060606005485,0.3511904761904745,0.2891566265060135,0.2121212121210192,0.7727272727270247,0.9393939393939945,67,0.8945783132529925,0.5833333333333357,0.24031007751938205,56,47,0.6821705426356601,0.7897590361445793,0.7794117647063104,0.8463855421686901,0.1515151515150137,0.9125799573560869,0.5,87,0.3807698325770578,0.1374566647877485,0.09638554216866169,0.35542168674697905,0.7981927710843308,1.0046180534018585,1.284248916107594,0.44578313253012425,0.15662650602411077,37.83738568732714,0.40471991109734845,0.0013176853131875884,0.22923602156048517,22.659638554216855
49,0.38235294117612284,0.5,0.08823529411756681,0.7751937984496102,63,-0.3178294573643363,0.45454545454595063,0.2121212121210192,0.6607142857142847,0.75,65,0.4166666666666714,0.44117647058783405,0.45833333333333215,0.4166666666666714,0.17829457364340584,0.09090909090900823,0.4404761904761898,0.4036144578313099,0.4242424242420384,0.2121212121219287,0.5454545454549589,66,0.9006024096385659,0.1666666666666714,0.2480620155038764,41,45,0.5658914728682127,0.7475903614457821,0.2647058823531552,0.9006024096385659,0.33333333333303017,0.7292110874200404,0.5,43,0.4871672737461476,0.1291593857318392,0.20783132530118564,0.463855421686759,0.6927710843373802,0.5774574362330948,0.20324015565715792,0.5542168674698758,0.15060240963856586,54.59634925243155,0.5039211328678769,0.0012863923999992144,0.3495232869462317,24.92469879518103
50,0.29411764705855603,0.5833333333333286,0.10294117647026724,0.7751937984496102,57,-0.4108527131782935,0.3484848484849863,0.1363636363630576,0.6607142857142847,0.75,9,0.4166666666666714,0.35294117647026724,0.3988095238095255,0.4166666666666714,0.12403100775193465,0.09090909090900823,0.4166666666666643,0.3644578313252964,0.31818181818198354,0.22727272727206582,0.45454545454504114,50,0.855421686746979,0.1666666666666714,0.22480620155038622,47,39,0.5968992248061973,0.7186746987951892,0.25,0.7891566265060419,0.22727272727297532,0.8017057569296497,0.5,49,0.4570707070707051,0.1356332595293972,0.1777108433734611,0.4322289156626482,0.677710843373518,0.4892815062706413,-0.10611506264155324,0.5421686746987859,0.17771084337348952,44.98898606474068,0.47667295007906013,0.0016391449950598352,0.2956149250573113,20.454819277108413
51,0.20588235294098922,0.75,0.07352941176532113,0.8604651162790695,59,-0.5348837209302317,0.9242424242429479,0.07575757575705211,0.7738095238095255,0.8333333333333357,5,0.3333333333333357,0.23529411764684482,0.2857142857142847,0.3333333333333357,0.19379844961240167,0.09090909090991772,0.38095238095238315,0.27409638554217963,0.22727272727297532,0.878787878787989,1.0,65,0.8734939759036138,0.5,0.19379844961240167,45,64,0.6899224806201545,0.7295180722891587,0.8088235294126207,0.8734939759036138,0.1363636363630576,0.9211087420042645,0.4166666666666714,85,0.36636687595452133,0.1385457902611982,0.057228915662648205,0.3524096385542066,0.8162650602409656,0.7365389365144136,0.7445592271372443,0.4397590361445509,0.1656626506023713,32.65918493250109,0.3915731179809937,0.0015234953388924668,0.20487637003191986,20.686746987952034
52,0.3676470588234224,0.6666666666666714,0.07352941176486638,0.7674418604651159,65,-0.3255813953488378,0.33333333333393966,0.2121212121210192,0.6011904761904745,0.9166666666666714,23,0.4166666666666714,0.397058823529278,0.4285714285714306,0.4166666666666714,0.13178294573643257,0.09090909090900823,0.4047619047619051,0.40662650602408235,0.39393939393903565,0.10606060606005485,0.4242424242420384,64,0.9277108433734895,0.25,0.16279069767441712,43,47,0.5736434108527142,0.743373493975912,0.1911764705882888,0.7409638554216826,0.3030303030300274,0.7697228144989197,0.5833333333333357,69,0.4926466429096664,0.13037079074184751,0.216867469879503,0.48493975903616615,0.7108433734939865,0.3724123988677322,0.11864663595522273,0.5662650602409656,0.15963855421688322,55.29851937871979,0.5095267037868809,0.001395806776122144,0.34469112464071916,22.58433734939814
53,0.2794117647058556,0.5833333333333357,0.07352941176441163,0.8139534883720891,56,-0.45736434108527035,0.3030303030300274,0.1515151515150137,0.6130952380952408,0.8333333333333357,11,0.3333333333333357,0.32352941176441163,0.38690476190476275,0.4166666666666714,0.08527131782945574,0.0681818181815288,0.42261904761904745,0.36144578313252396,0.3030303030300274,0.07575757575705211,0.3636363636360329,55,0.8945783132529925,0.3333333333333357,0.13953488372092693,43,53,0.6124031007751931,0.781927710843371,0.10294117647072198,0.8945783132529925,0.23484848484849863,0.7910447761194064,0.5,68,0.45712079085572876,0.135742676725571,0.1475903614457934,0.43373493975903443,0.7469879518071991,0.8086807739631248,0.9685234183426572,0.5301204819277245,0.16867469879520058,44.32174481056738,0.47675045781682335,0.001657121291328255,0.29638002559688803,17.822289156626425
54,0.23529411764684482,0.75,0.08823529411756681,0.8682170542635639,71,-0.6666666666666643,0.4393939393939945,0.030303030303002743,0.6904761904761862,0.8333333333333357,15,0.3333333333333357,0.2794117647058556,0.2797619047619051,0.4166666666666714,0.12403100775193465,0.09090909090900823,0.5892857142857153,0.27409638554217963,0.25757575757597806,0.2121212121210192,0.39393939393903565,75,0.9216867469879446,0.4166666666666643,0.12403100775193465,33,58,0.6821705426356601,0.7433734939758949,0.14705882352927802,0.7801204819276961,0.16666666666696983,0.9275053304904048,0.4166666666666714,62,0.3820730392386642,0.15134173312007265,0.10843373493977992,0.3403614457831452,0.8132530120481647,0.8884614866227402,0.572149585314683,0.463855421686759,0.18975903614457934,43.38031644650849,0.41084669358343107,0.0015197968373357833,0.18753904405968394,23.750000000000966
55,0.3088235294117112,0.6666666666666643,0.058823529411711206,0.8837209302325562,63,-0.35658914728682234,0.2727272727270247,0.1515151515150137,0.678571428571427,0.8333333333333357,5,0.3333333333333357,0.3382352941175668,0.38690476190476275,0.4166666666666714,0.2093023255813904,0.060606060606005485,0.4761904761904745,0.34939759036143414,0.31818181818198354,0.060606060606005485,0.3636363636360329,67,0.8433734939759177,0.3333333333333286,0.27131782945736305,47,65,0.6046511627906987,0.7415662650602485,0.08823529411756681,0.8433734939759177,0.25757575757597806,0.8251599147121453,0.5,82,0.4548504900430757,0.1334471731899493,0.15060240963856586,0.430722891566262,0.6927710843373518,0.5265371670585205,-0.22889384165090965,0.5481927710843308,0.1987951807228967,43.348735302656806,0.47392493722925727,0.0013429857858869923,0.32592385459792445,21.19578313253035
56,0.35294117647026724,0.5833333333333357,0.07352941176486638,0.6976744186046488,89,-0.37209302325581106,0.3030303030300274,0.19696969696997257,0.5892857142857153,0.8333333333333357,15,0.4166666666666714,0.397058823529278,0.4761904761904745,0.5,0.10077519379845157,0.0757575757579616,0.46428571428571175,0.41566265060242813,0.37878787878798903,0.060606060606005485,0.39393939393903565,97,0.8674698795180973,0.4166666666666714,0.10077519379845157,71,73,0.5271317829457338,0.7403614457831396,0.1323529411765776,0.8674698795180973,0.3030303030300274,0.7547974413646159,0.5833333333333357,119,0.5085323110624327,0.12476267364750294,0.2108433734939581,0.5030120481927725,0.6566265060241392,0.2428915535592986,-0.11818955310357326,0.5858433734939581,0.17018072289152997,75.38141421106167,0.5235591976985694,0.0009963369823311307,0.37203414448306776,29.861445783133632
57,0.3382352941175668,0.5,0.13235294117612284,0.8449612403100737,37,-0.5581395348837184,0.5,0.16666666666696983,0.7559523809523796,0.75,55,0.3333333333333357,0.41176470588197844,0.38690476190476275,0.4166666666666714,0.031007751937981,0.1363636363630576,0.5059523809523832,0.3524096385542066,0.39393939393903565,0.37878787878798903,0.6363636363639671,39,0.8855421686747036,0.25,0.07751937984496138,23,23,0.6124031007751931,0.7602409638554264,0.2941176470590108,0.8855421686747036,0.25757575757597806,0.8507462686567067,0.5,21,0.4460249758156712,0.14551747771212264,0.11445783132529641,0.43373493975903443,0.7710843373494072,0.4457265693581756,-0.021238649279276878,0.533132530120497,0.1807228915662904,30.13438996951664,0.46899792203418583,0.002535530889027391,0.2736088753618086,14.599397590361633
58,0.29411764705855603,0.5833333333333286,0.14705882352927802,0.7829457364341046,37,-0.5736434108527142,0.5454545454549589,0.12121212121201097,0.6845238095238066,0.75,37,0.3333333333333357,0.397058823529278,0.375,0.4166666666666714,0.11627906976744029,0.14393939393903565,0.553571428571427,0.3584337349397515,0.37121212121201097,0.439393939394904,0.5757575757579616,47,0.8975903614457934,0.3333333333333357,0.11627906976744029,27,27,0.6124031007751931,0.7674698795180859,0.4852941176468448,0.7650602409638623,0.22727272727297532,0.8358208955223887,0.5,15,0.44186951889189474,0.13989384057210955,0.11144578313252396,0.4277108433734895,0.7861445783132694,0.4271579221751838,0.5985189355574558,0.5180722891566063,0.1596385542168548,31.558816591668077,0.4633420196293496,0.0021388776133783854,0.2857314531152726,15.506024096385744
59,0.23529411764684482,0.75,0.14705882352927802,0.8759689922480618,53,-0.3953488372093048,0.5303030303039122,0.045454545454049367,0.8690476190476168,0.8333333333333357,93,0.25,0.32352941176441163,0.2738095238095255,0.3333333333333357,0.15503875968992276,0.1363636363630576,0.6071428571428577,0.2665662650602485,0.3030303030300274,0.4090909090909918,0.5757575757579616,49,0.819277108433738,0.4166666666666643,0.23255813953488058,27,37,0.7131782945736447,0.7174698795180859,0.36764705882387716,0.6807228915662904,0.16666666666696983,0.9637526652452095,0.5,45,0.37059928023783245,0.1475107825451575,0.08734939759034432,0.3403614457831452,0.7319277108433937,0.7550075890544607,0.20327731622980583,0.4427710843373234,0.17620481927707488,36.73109304688617,0.39875940215753036,0.0015678995504595041,0.19029083193498947,22.385542168674846
60,0.32352941176441163,0.5833333333333357,0.07352941176486638,0.7674418604651159,47,-0.5116279069767486,0.3484848484849863,0.12121212121201097,0.6428571428571423,0.8333333333333357,11,0.4166666666666714,0.3676470588234224,0.4166666666666643,0.4166666666666714,0.06976744186045991,0.0757575757579616,0.20833333333333215,0.3908132530120554,0.3484848484849863,0.060606060606005485,0.4242424242420384,61,0.9518072289156692,0.3333333333333357,0.06976744186045991,38,37,0.5813953488372086,0.6783132530120497,0.16176470588197844,0.7259036144578488,0.2727272727270247,0.7889125799573549,0.5,72,0.48520243765760673,0.1288232473435417,0.24698795180722755,0.45180722891566916,0.7048192771084416,0.6118892149396716,0.07066006636625399,0.5790662650602485,0.1882530120481931,43.33030011612715,0.5019166758659919,0.0015942353831738584,0.34889531239624183,15.448795180723096
61,0.2205882352941444,0.6666666666666643,0.14705882352927802,0.9844961240310042,51,-0.720930232558139,0.5757575757579616,0.030303030303002743,0.8273809523809561,0.75,41,0.25,0.32352941176441163,0.26190476190476275,0.3333333333333357,0.15503875968992276,0.16666666666696983,0.6428571428571423,0.23493975903613773,0.31818181818198354,0.4242424242429479,0.5454545454549589,45,0.8584337349397515,0.5,0.15503875968992276,21,19,0.720930232558139,0.7584337349397572,0.38235294117612284,0.6566265060240823,0.1515151515150137,0.9466950959488258,0.4166666666666714,33,0.35555193747964486,0.15969995305220105,0.0,0.33734939759037275,0.8584337349397515,0.7744158666100608,0.31441512338056077,0.430722891566262,0.19578313253012425,28.07992814631996,0.3895938852003626,0.0022323648865581547,0.15017436791629463,17.18674698795209
62,0.397058823529278,0.5,0.11764705882342241,0.6821705426356601,67,-0.45736434108527035,0.4090909090909918,0.22727272727297532,0.5357142857142847,0.75,63,0.4166666666666714,0.47058823529368965,0.5029761904761916,0.5,0.12403100775193465,0.12121212121201097,0.3630952380952408,0.4277108433734895,0.4393939393939945,0.31818181818198354,0.5757575757579616,63,0.8132530120481931,0.3333333333333357,0.16279069767441712,41,41,0.5348837209302282,0.6765060240963919,0.3088235294117112,0.6867469879518069,0.31818181818198354,0.6886993603411469,0.5833333333333357,33,0.5119143239625153,0.11803903476446416,0.1987951807228967,0.5030120481927725,0.6144578313252964,0.13247459846048448,-0.3269920065078349,0.5813253012048207,0.1536144578313312,49.66417477137446,0.525273340331671,0.0014171380419669847,0.3850804692064702,19.78313253012007
63,0.3088235294117112,0.6666666666666643,0.07352941176486638,0.7131782945736447,51,-0.5193798449612395,0.31818181818107405,0.16666666666696983,0.6011904761904745,0.8333333333333357,5,0.3333333333333357,0.3382352941175668,0.422619047619051,0.4166666666666714,0.13178294573643257,0.060606060606005485,0.49404761904761685,0.38253012048193114,0.31818181818198354,0.1363636363630576,0.39393939393903565,57,0.8343373493976003,0.4166666666666643,0.13178294573643257,43,54,0.5872093023255793,0.6867469879518069,0.10294117647026724,0.6686746987951722,0.25757575757597806,0.7718550106609712,0.5,72,0.45822946960254646,0.12096583469369318,0.216867469879503,0.4367469879518069,0.6174698795180973,0.5597877370568952,0.289642710268589,0.5361445783132694,0.1536144578313383,39.06698178255175,0.47383845750188813,0.0014204681706981516,0.3353589728371563,17.30120481927753
64,0.32352941176441163,0.5,0.08823529411756681,0.7674418604651159,75,-0.35658914728681523,0.4393939393939945,0.1515151515150137,0.7023809523809597,0.75,29,0.4166666666666714,0.3676470588234224,0.4166666666666643,0.4166666666666714,0.12403100775193465,0.09090909090900823,0.47023809523809135,0.3689759036144693,0.3484848484849863,0.16666666666696983,0.4090909090909918,89,0.8734939759036138,0.3333333333333286,0.24031007751938205,47,69,0.5813953488372086,0.7608433734939751,0.29411764705855603,0.8042168674698758,0.25757575757597806,0.7889125799573549,0.5,81,0.4691664183234689,0.14078932009814793,0.09939759036143414,0.44578313253012425,0.7740963855421796,0.5156606245577878,-0.13177035243657143,0.555722891566262,0.18674698795179268,67.8828476556827,0.4897639427636416,0.001111109615601495,0.3124999625236581,30.409638554216826
65,0.25,0.5833333333333286,0.17647058823513362,0.8449612403100737,37,-0.5813953488372121,0.5909090909099177,0.045454545454049367,0.75,0.75,46,0.3333333333333357,0.3676470588234224,0.29166666666666785,0.3333333333333357,0.17829457364340584,0.1515151515150137,0.571428571428573,0.286144578313241,0.33333333333303017,0.5303030303039122,0.5757575757579616,55,0.8253012048193114,0.3333333333333357,0.17829457364340584,19,25,0.6821705426356601,0.7096385542168833,0.4264705882351336,0.8253012048193114,0.18181818181801646,0.8869936034115256,0.5,17,0.3921174895661068,0.14775665750290962,0.12951807228915868,0.3584337349397515,0.6957831325301527,0.8122661924729356,0.11035063428496317,0.466867469879503,0.18072289156626198,26.843155755552445,0.41886210434293425,0.0024838911756551894,0.20334176021631242,14.274096385542634
66,0.38235294117612284,0.5,0.07352941176486638,0.720930232558139,65,-0.34883720930232087,0.39393939393903565,0.19696969696997257,0.5892857142857153,0.75,61,0.4166666666666714,0.4264705882351336,0.523809523809522,0.5,0.13178294573643257,0.0757575757579616,0.3511904761904745,0.4495481927710898,0.4090909090909918,0.22727272727297532,0.5,49,0.8524096385542066,0.1666666666666714,0.1860465116279073,43,53,0.5038759689922472,0.6813253012048165,0.25,0.8042168674698758,0.33333333333303017,0.6801705756929692,0.5833333333333357,57,0.525960276750566,0.11248999450356334,0.2680722891566347,0.5165662650602201,0.5843373493975719,0.37657395162503676,0.025950512264189207,0.5963855421686901,0.1468373493976003,58.42356474089122,0.5377969579908517,0.0012097628302218334,0.4043791123132717,19.27710843373555
67,0.29411764705855603,0.5833333333333286,0.10294117647072198,0.790697674418599,90,-0.44961240310077244,0.4848484848489534,0.10606060606005485,0.6666666666666714,0.75,115,0.3333333333333357,0.3676470588234224,0.39285714285714235,0.4166666666666714,0.17829457364340584,0.12121212121201097,0.5952380952380949,0.3584337349397515,0.3484848484849863,0.3030303030300274,0.5909090909090082,85,0.8975903614457934,0.5,0.24031007751938205,57,65,0.6046511627906987,0.6963855421686731,0.25,0.7108433734939865,0.22727272727297532,0.8336886993603514,0.5,69,0.45753300742907743,0.14585863057399678,0.13855421686744762,0.4367469879518069,0.7590361445783458,0.5322653002899081,-0.12172762415739324,0.5512048192771033,0.1927710843373518,72.16002866889269,0.4801491670140871,0.0011309437470309095,0.2811057828922555,32.72590361445822
68,0.3088235294117112,0.6666666666666643,0.08088235294098922,0.7441860465116292,68,-0.24031007751938205,0.37878787878798903,0.18181818181801646,0.6964285714285694,0.8333333333333357,11,0.4166666666666714,0.35294117647026724,0.422619047619051,0.4166666666666714,0.11627906976744029,0.060606060606005485,0.5178571428571423,0.3855421686747036,0.31818181818198354,0.19696969696906308,0.45454545454504114,72,0.8222891566265389,0.0833333333333357,0.20155038759689603,47,55,0.5581395348837184,0.769277108433738,0.04411764705855603,0.8042168674698758,0.25757575757597806,0.7910447761194064,0.5833333333333357,82,0.48180662347883885,0.13047603562953397,0.1656626506023997,0.47590361445782037,0.6566265060241392,0.5229905912085057,-0.037593958343490996,0.5527108433734895,0.16716867469878594,49.56613804616052,0.49907521535708543,0.001497690166788718,0.33353529696675577,18.515060240964374
69,0.3161764705880614,0.6666666666666643,0.1286764705882888,0.7829457364341046,89,-0.34883720930232087,0.4848484848489534,0.1363636363630576,0.7083333333333321,0.75,194,0.3333333333333357,0.3933823529409892,0.38095238095238315,0.4166666666666714,0.10852713178294593,0.12121212121201097,0.4047619047619051,0.3411144578313383,0.3636363636360329,0.46969696969699726,0.621212121212011,93,0.8975903614457934,0.4166666666666643,0.21705426356589186,63,55,0.6124031007751931,0.7542168674698871,0.44117647058783405,0.7650602409638623,0.24242424242402194,0.8464818763326178,0.5,59,0.44189742394994347,0.14345788559483866,0.08734939759034432,0.41716867469880015,0.8102409638554491,0.6294697354588054,0.2987205589047548,0.5293674698795314,0.1882530120481931,78.11838619538416,0.46453917697926733,0.0009475451362694236,0.2708655268533125,38.466867469879645
70,0.3088235294117112,0.5833333333333357,0.11764705882342241,0.759689922480618,45,-0.2480620155038764,0.3030303030300274,0.18181818181801646,0.6428571428571423,0.8333333333333357,17,0.4166666666666714,0.38235294117612284,0.4107142857142847,0.4166666666666714,0.06201550387596555,0.09090909090900823,0.32738095238095255,0.37048192771086974,0.3484848484849863,0.12121212121201097,0.4090909090909918,57,0.8704819277108697,0.3333333333333357,0.27131782945736305,26,28,0.5736434108527142,0.7753012048192772,0.26470588235270043,0.6566265060240823,0.25757575757597806,0.7889125799573549,0.5,39,0.47460645501714915,0.14278749099286653,0.23493975903613773,0.4548192771084416,0.635542168674732,0.5890177092400619,-0.10749560242933542,0.5512048192771033,0.18072289156623356,33.63223073014966,0.49547021631634613,0.002712344702423145,0.2901670152523753,13.292168674699155
71,0.3382352941175668,0.5,0.058823529411711206,0.7286821705426334,69,-0.5736434108527142,0.22727272727297532,0.2121212121210192,0.5952380952380949,0.75,5,0.4166666666666714,0.3676470588234224,0.4285714285714306,0.4166666666666714,0.08527131782945574,0.060606060606005485,0.34523809523809845,0.3998493975903443,0.3484848484849863,0.10606060606005485,0.4242424242420384,71,0.8403614457831452,0.5,0.08527131782945574,47,53,0.5581395348837184,0.702409638554218,0.08823529411756681,0.7108433734939865,0.2878787878789808,0.7164179104477455,0.5,98,0.4758456904541241,0.11861474461507783,0.1596385542168548,0.463855421686759,0.6807228915662904,0.1517820723901881,0.41190851052483834,0.542921686746979,0.14307228915663472,50.009634925243255,0.4903375746774793,0.0012593379711738754,0.345504210437628,20.292168674699724
72,0.35294117647026724,0.6666666666666643,0.16176470588197844,0.8062015503875948,60,-0.34883720930232087,0.5151515151519561,0.1515151515150137,0.6726190476190474,0.75,65,0.3333333333333357,0.44117647058783405,0.375,0.4166666666666714,0.19379844961240167,0.1363636363639671,0.43452380952381375,0.34337349397591765,0.4090909090909918,0.3484848484849863,0.6363636363639671,55,0.9337349397590344,0.25,0.2480620155038764,37,29,0.6279069767441854,0.7885542168674704,0.3823529411765776,0.8132530120481931,0.2727272727270247,0.865671641791053,0.5,37,0.4423609932688516,0.13846137990937438,0.13855421686744762,0.41566265060242813,0.7951807228915868,0.6987416557368878,0.22783305843900648,0.533132530120497,0.18975903614457934,45.74490129191498,0.46342722707855966,0.0014778815940045193,0.28570554430437256,21.713855421686702
73,0.4264705882351336,0.5,0.11764705882342241,0.720930232558139,67,-0.13953488372093048,0.4242424242420384,0.25757575757597806,0.5595238095238066,0.75,95,0.4166666666666714,0.4852941176468448,0.5,0.5,0.04651162790697683,0.10606060606096435,0.3928571428571388,0.43373493975903443,0.46969696969699726,0.19696969696997257,0.5757575757579616,82,0.930722891566262,0.1666666666666714,0.31007751937984196,49,55,0.5426356589147296,0.6951807228915641,0.35294117647026724,0.7018072289156692,0.3636363636360329,0.7078891257995679,0.5833333333333357,33,0.5175349284461788,0.12507943912413813,0.21987951807230388,0.5030120481927725,0.7108433734939581,0.5543055024535196,0.3757742576824481,0.5933734939758892,0.1596385542168548,60.36714327188267,0.5323662444012138,0.0012516830518070799,0.3848565249546283,22.602409638554633
74,0.26470588235270043,0.6666666666666643,0.13235294117612284,0.8062015503875948,37,-0.5813953488372121,0.5151515151519561,0.09090909090900823,0.6666666666666643,0.8333333333333357,67,0.3333333333333357,0.35294117647026724,0.3392857142857153,0.4166666666666714,0.17054263565891148,0.1515151515150137,0.5119047619047628,0.3132530120481931,0.33333333333303017,0.45454545454595063,0.6060606060609643,65,0.888554216867476,0.5833333333333357,0.17054263565891148,23,25,0.6414728682170532,0.7650602409638623,0.3676470588234224,0.6265060240963862,0.18181818181801646,0.8379530916844402,0.5,41,0.4132312382058343,0.1492107720804314,0.17469879518071707,0.38253012048193114,0.713855421686759,0.941931539883935,0.44070276157523214,0.4864457831325453,0.17319277108435216,32.01970532733342,0.43919220294594774,0.002253962100476115,0.22727936491655482,15.108433734939695
75,0.41176470588197844,0.5833333333333357,0.1323529411765776,0.6976744186046488,83,-0.3178294573643399,0.45454545454504114,0.19696969696997257,0.6369047619047628,0.8333333333333357,97,0.4166666666666714,0.4852941176468448,0.45833333333333215,0.5,0.13953488372092693,0.12121212121201097,0.3452380952380949,0.397590361445765,0.45454545454504114,0.31818181818198354,0.621212121212011,83,0.930722891566262,0.25,0.33333333333333215,45,41,0.5581395348837184,0.7765060240963976,0.352941176470722,0.7500000000000284,0.33333333333303017,0.7206823027718627,0.5833333333333357,49,0.49558057557741897,0.13264971442654,0.20180722891566916,0.4789156626505928,0.7289156626505928,0.5888142003295427,0.06822193179245817,0.5753012048192829,0.17771084337351795,60.2543003338658,0.5129514747339444,0.0014703633817193275,0.3279591500614156,20.85542168674729
76,0.38235294117612284,0.5833333333333357,0.11764705882342241,0.7519379844961236,63,-0.19379844961240522,0.4393939393939945,0.16666666666696983,0.6011904761904745,0.8333333333333357,100,0.4166666666666714,0.4558823529409892,0.4821428571428541,0.5,0.11627906976744029,0.10606060606096435,0.4404761904761898,0.4194277108433653,0.4393939393939945,0.22727272727297532,0.5606060606060055,75,0.8343373493976003,0.25,0.2790697674418574,49,53,0.5348837209302282,0.7367469879518069,0.2647058823531552,0.7409638554216826,0.33333333333303017,0.7228144989339143,0.5833333333333357,39,0.5138841078600113,0.12915172806928996,0.1777108433734611,0.5150602409638338,0.6566265060241392,0.1410346076403672,-0.1388286410223003,0.5873493975903443,0.16792168674697905,58.94229931775306,0.5297901620442041,0.001374137887765381,0.3702866985885289,22.575301204819908
77,0.3676470588234224,0.6666666666666714,0.07352941176441163,0.7286821705426334,42,-0.48837209302325846,0.37878787878798903,0.22727272727297532,0.6190476190476204,0.9166666666666714,29,0.4166666666666714,0.41176470588197844,0.4345238095238102,0.4166666666666714,0.0930232558139501,0.09090909090900823,0.31547619047619335,0.4141566265060348,0.4090909090909918,0.3030303030300274,0.5606060606060055,45,0.8343373493976003,0.5833333333333357,0.11627906976744029,23,35,0.5581395348837184,0.7385542168674647,0.20588235294098922,0.6867469879518069,0.31818181818198354,0.7569296375266532,0.5,53,0.4951494288843672,0.12112803745734467,0.17168674698794462,0.4939759036144551,0.6626506024096557,0.37912578003861375,0.26457142289361224,0.5572289156626482,0.1430722891566134,40.0014515894903,0.5096564388350655,0.001816368705557317,0.35619722290923245,14.810240963855733
78,0.2205882352941444,0.6666666666666643,0.11764705882342241,0.9069767441860463,51,-0.7829457364341081,0.5151515151519561,0.030303030303002743,0.8511904761904745,0.75,33,0.25,0.29411764705855603,0.26785714285714235,0.3333333333333357,0.08527131782945574,0.1363636363639671,0.7261904761904745,0.25451807228913026,0.2878787878789808,0.33333333333303017,0.5151515151510466,59,0.8373493975903727,0.3333333333333357,0.08527131782945574,43,37,0.7131782945736447,0.693373493975912,0.3676470588234224,0.6084337349397799,0.1515151515150137,0.9275053304904048,0.4166666666666714,43,0.3665049809628099,0.16009727504569152,0.07228915662651048,0.3403614457831452,0.7650602409638623,0.6902470371891073,0.2042952445845163,0.463855421686759,0.2093373493976287,36.92444476701981,0.39980755525941475,0.001854923539638465,0.15318877390438643,23.11144578313312
79,0.23529411764684482,0.5833333333333286,0.11764705882342241,0.8604651162790695,49,-0.4806201550387641,0.46969696969790675,0.07575757575705211,0.7619047619047628,0.75,25,0.25,0.3088235294117112,0.29166666666666785,0.3333333333333357,0.13178294573643257,0.12121212121201097,0.6547619047619051,0.26957831325302095,0.2878787878789808,0.46969696969790675,0.5454545454549589,57,0.9096385542168832,0.5,0.20155038759689603,27,31,0.6899224806201545,0.8024096385542293,0.23529411764684482,0.7108433734939865,0.16666666666696983,0.9253731343283533,0.4166666666666714,51,0.3775049948537843,0.1540853359251918,0.018072289156606303,0.3584337349397515,0.8915662650602769,0.545128507606936,0.5738807185717989,0.465361445783131,0.19578313253011004,33.06046777471306,0.40759416567589685,0.0017800347117112062,0.2012815583943749,22.03313253012044
80,0.3382352941175668,0.5833333333333357,0.058823529411711206,0.7054263565891432,69,-0.2403100775193785,0.25757575757506856,0.22727272727297532,0.6607142857142847,0.8333333333333357,7,0.4166666666666714,0.3676470588234224,0.45833333333333215,0.5,0.15503875968992276,0.07575757575705211,0.36309523809523725,0.430722891566262,0.3636363636360329,0.07575757575705211,0.4848484848480439,71,0.8403614457831452,0.3333333333333286,0.16279069767441712,49,65,0.550387596899224,0.7807228915662676,0.07352941176441163,0.8042168674698758,0.2878787878789808,0.7441364605543583,0.5833333333333357,88,0.5103712145880824,0.1198499611434911,0.216867469879503,0.4939759036144551,0.6234939759036422,0.43149302534108924,-0.028163443253048204,0.5813253012048278,0.15060240963856586,50.83155211206291,0.5241804522792617,0.001223132932016164,0.39784298484259534,17.819277108434733
81,0.32352941176441163,0.6666666666666643,0.13235294117612284,0.7364341085271313,67,-0.3875968992248069,0.5,0.1515151515150137,0.773809523809522,0.8333333333333357,130,0.3333333333333357,0.41176470588197844,0.4107142857142847,0.4166666666666714,0.12403100775193465,0.12121212121201097,0.3511904761904745,0.3915662650602485,0.37878787878798903,0.2727272727279342,0.5757575757579616,63,0.855421686746979,0.5,0.17829457364340584,35,49,0.5813953488372086,0.751204819277126,0.26470588235270043,0.8433734939759177,0.25757575757597806,0.8251599147121453,0.5,57,0.4803087349397584,0.13790277761197903,0.12349397590361377,0.46987951807227546,0.7319277108433653,0.24822526170123413,-0.01882502844460676,0.569277108433738,0.17771084337348952,59.9122604877341,0.4996342849513953,0.0013540502920378217,0.3184997250412387,26.466867469879787
82,0.20588235294098922,0.75,0.0882352941184763,0.8759689922480618,49,-0.21705426356589186,0.4242424242429479,0.015151515151046624,0.7916666666666643,0.9166666666666714,7,0.25,0.25,0.26488095238095255,0.3333333333333357,0.16279069767441712,0.08712121212192869,0.7202380952380913,0.2560240963855165,0.22727272727297532,0.2727272727270247,0.39393939393903565,57,0.8644578313253248,0.6666666666666714,0.3255813953488378,27,45,0.6899224806201545,0.6951807228915697,0.25000000000045475,0.7590361445783174,0.14015151515104662,1.0,0.47916666666666785,75,0.36592163044702014,0.1540677531753479,0.018072289156606303,0.3358433734939865,0.8463855421687185,0.6538151913104671,0.24357912397727688,0.45105421686747604,0.19503012048195956,33.710262737697676,0.39689367875066006,0.00174215662912465,0.1803819494452449,24.500000000000256
83,0.23529411764684482,0.75,0.14705882352927802,0.8759689922480618,67,-0.550387596899224,0.5606060606060055,0.060606060606005485,0.8154761904761934,0.8333333333333357,123,0.25,0.3382352941175668,0.26785714285714235,0.3333333333333357,0.17829457364340584,0.1515151515150137,0.6369047619047628,0.25903614457831736,0.31818181818198354,0.2878787878789808,0.5303030303030027,69,0.8674698795180973,0.5,0.21705426356589186,45,43,0.6976744186046488,0.7716867469879617,0.41176470588197844,0.7710843373494072,0.16666666666696983,0.9936034115138739,0.4166666666666714,45,0.3657428348205095,0.1657856068515922,0.057228915662648205,0.3343373493976003,0.8102409638554491,0.7802859881547172,0.3545256154013261,0.4427710843373234,0.183734939759006,47.21955291043695,0.40144599095441025,0.0014515876553355034,0.15381103714152602,31.515060240964175
84,0.397058823529278,0.5833333333333286,0.07352941176441163,0.6976744186046488,91,-0.1550387596899192,0.3636363636369424,0.24242424242402194,0.5654761904761898,0.75,51,0.4166666666666714,0.44117647058783405,0.4880952380952408,0.5,0.0930232558139501,0.09090909090900823,0.2797619047619051,0.43524096385542066,0.4242424242420384,0.18181818181801646,0.5303030303030027,91,0.9427710843373802,0.25,0.27131782945736305,73,65,0.5193798449612395,0.706626506024105,0.08823529411756681,0.7439759036144551,0.33333333333303017,0.7569296375266532,0.5833333333333357,86,0.5166170299174243,0.11763071889641342,0.1987951807228967,0.5060240963855449,0.7439759036144835,0.5025030539649673,0.5504183542790444,0.5933734939758892,0.15813253012046857,74.94111082885829,0.5297908244874383,0.0007704796178177561,0.41414324074766273,28.521084337350345
85,0.35294117647026724,0.5,0.11764705882342241,0.7674418604651159,43,-0.2635658914728687,0.4848484848489534,0.18181818181801646,0.672619047619051,0.75,71,0.3333333333333357,0.4264705882351336,0.4017857142857153,0.4166666666666714,0.17054263565891148,0.12121212121201097,0.5119047619047628,0.3734939759036138,0.4090909090909918,0.2878787878789808,0.5757575757579616,63,0.8463855421686901,0.25,0.3643410852713167,29,31,0.5891472868217029,0.7108433734939865,0.3676470588234224,0.7319277108433653,0.2878787878789808,0.8123667377398789,0.5,33,0.4597218661881573,0.12243320674717044,0.18072289156623356,0.45180722891566916,0.6656626506024566,0.6246188650369792,0.5419759405658073,0.5180722891566063,0.14457831325299253,42.53581797067808,0.4756620133118285,0.0015643141349973968,0.3134584945659007,17.123493975904182
86,0.32352941176441163,0.6666666666666643,0.10294117647026724,0.7829457364341046,69,-0.24031007751938205,0.46969696969699726,0.12121212121201097,0.6369047619047628,0.8333333333333357,63,0.4166666666666714,0.38235294117612284,0.4136904761904745,0.4166666666666714,0.19379844961240167,0.11742424242402194,0.48214285714285765,0.37801204819277245,0.375,0.2727272727270247,0.5,83,0.8524096385542066,0.5,0.28682170542635177,49,47,0.5872093023255793,0.6542168674698757,0.19117647058783405,0.5843373493975719,0.25757575757597806,0.8379530916844402,0.5,83,0.46987951807228784,0.13032490020280776,0.15060240963856586,0.4548192771084416,0.7018072289156407,0.36854974493933057,-0.042842748126846075,0.5564759036144551,0.17846385542168264,66.08344825083452,0.4875553768615407,0.0010064277021069978,0.3304892813304686,29.774096385542606
87,0.3308823529409892,0.5,0.13235294117612284,0.7829457364341046,53,-0.20155038759689603,0.4848484848489534,0.1515151515150137,0.6309523809523832,0.75,62,0.3541666666666696,0.41176470588197844,0.422619047619051,0.4166666666666714,0.08527131782945574,0.1363636363630576,0.4464285714285694,0.38855421686747604,0.39393939393903565,0.4242424242429479,0.6363636363639671,56,0.8795180722891587,0.0833333333333286,0.3643410852713167,39,33,0.5813953488372086,0.7361445783132581,0.44117647058783405,0.671686746987973,0.25757575757597806,0.7889125799573549,0.5,25,0.4760051441721921,0.12798392619804913,0.20180722891566916,0.44578313253012425,0.6777108433734895,0.6310752385226006,0.18518034740260614,0.5496987951807171,0.16114457831324103,43.230639425170295,0.4928171677362341,0.00173263535529547,0.32266691522854296,16.448795180722698
88,0.25,0.6666666666666643,0.08823529411756681,0.8449612403100737,45,-0.5193798449612359,0.37878787878798903,0.09090909090900823,0.7678571428571423,0.8333333333333357,13,0.3333333333333357,0.3088235294117112,0.3571428571428612,0.4166666666666714,0.16279069767441712,0.09090909090900823,0.6369047619047628,0.3343373493976003,0.2878787878789808,0.1515151515150137,0.3484848484849863,55,0.9006024096385659,0.3333333333333286,0.24031007751938205,35,45,0.6434108527131777,0.7578313253012027,0.2794117647058556,0.7349397590361377,0.19696969696997257,0.8251599147121453,0.5,49,0.4294926183607662,0.14479148949483758,0.012048192771061395,0.41566265060242813,0.8885542168675045,0.3836829249877669,0.3872801536942365,0.5210843373494072,0.1867469879518069,43.735302656408706,0.453133599967779,0.001601927041767013,0.25968835193346285,23.295180722891303
89,0.29411764705855603,0.5833333333333286,0.10294117647026724,0.8992248062015484,41,-0.5736434108527178,0.45454545454595063,0.09090909090900823,0.8452380952380949,0.75,39,0.3333333333333357,0.35294117647026724,0.33333333333333215,0.3333333333333357,0.03875968992247536,0.12121212121201097,0.8452380952380949,0.3072289156626482,0.3484848484849863,0.1515151515150137,0.4090909090909918,59,0.8945783132529925,0.5,0.03875968992247536,35,39,0.651162790697672,0.6536144578313212,0.27941176470540086,0.5933734939758892,0.22727272727297532,0.8784648187633195,0.5,45,0.4115540503025917,0.14535686269899853,0.08132530120482784,0.3855421686747036,0.8132530120481647,0.5119009168128786,0.07296025340563572,0.5060240963855449,0.1987951807228967,41.31853316881982,0.4363576365243156,0.0016945450597044482,0.22854318385451128,22.0090361445786
90,0.2794117647058556,0.6666666666666643,0.17647058823513362,0.8372093023255793,33,-0.48837209302325846,0.5454545454549589,0.09090909090900823,0.8511904761904745,0.75,49,0.3333333333333357,0.38235294117612284,0.32738095238095255,0.3333333333333357,0.13953488372092693,0.1515151515150137,0.7976190476190439,0.29819277108435926,0.3484848484849863,0.3636363636369424,0.6363636363639671,41,0.8433734939759177,0.25,0.23255813953488058,27,23,0.6724806201550351,0.7367469879518183,0.4852941176468448,0.7198795180723039,0.19696969696997257,0.9040511727078808,0.5,21,0.4013065248005001,0.1517957259680159,0.10542168674695063,0.38403614457831736,0.737951807228967,0.6886647288536928,0.12484710593591997,0.4789156626505928,0.18072289156623356,28.326643925098,0.42888138950864974,0.0022834233506143398,0.22662463847850312,16.867469879518183
91,0.4264705882351336,0.4166666666666643,0.11764705882342241,0.6976744186046488,43,-0.1860465116279073,0.3636363636360329,0.25757575757597806,0.5357142857142883,0.75,61,0.4166666666666714,0.47058823529368965,0.523809523809522,0.5,0.08527131782945574,0.11363636363603291,0.3690476190476204,0.4713855421686617,0.45454545454504114,0.2878787878789808,0.5606060606060055,37,0.9066265060241108,0.25,0.3023255813953476,29,31,0.5038759689922472,0.7710843373494072,0.2205882352941444,0.8524096385542066,0.3409090909090082,0.6567164179104452,0.5833333333333357,31,0.5511601963409183,0.12667876453683577,0.25301204819274403,0.5512048192771033,0.6536144578313667,0.20583746458172977,0.009804025299844366,0.6340361445783032,0.16265060240964146,43.16033713165914,0.5654256812130599,0.0018623807492187626,0.4263806861432612,15.448795180723522
92,0.29411764705855603,0.5833333333333286,0.08823529411756681,0.7674418604651159,83,-0.47286821705426263,0.39393939393903565,0.12121212121201097,0.7142857142857117,0.75,15,0.3333333333333357,0.3382352941175668,0.3630952380952408,0.4166666666666714,0.0930232558139501,0.09090909090900823,0.3392857142857153,0.33734939759037275,0.31818181818198354,0.19696969696997257,0.5,79,0.8915662650602485,0.4166666666666643,0.0930232558139501,63,69,0.6124031007751931,0.7891566265060248,0.08823529411756681,0.8524096385542066,0.22727272727297532,0.9189765458422272,0.5,124,0.43415892308235815,0.1307282847483459,0.1777108433734611,0.42469879518071707,0.7138554216867874,0.6458390387397167,0.4496981944621683,0.5150602409638338,0.1777108433734611,70.08700464508642,0.45335828873213546,0.0009085924698038786,0.2796982032156988,33.740963855422336
93,0.26470588235270043,0.5833333333333286,0.13235294117612284,0.7674418604651159,36,-0.4573643410852739,0.5303030303030027,0.09090909090900823,0.6904761904761934,0.75,73,0.3333333333333357,0.35294117647026724,0.3511904761904745,0.4166666666666714,0.12403100775193465,0.1363636363630576,0.6369047619047628,0.2846385542168548,0.33333333333303017,0.2121212121210192,0.46969696969699726,45,0.8674698795180973,0.4166666666666714,0.23255813953488058,31,25,0.651162790697672,0.7186746987951892,0.3382352941175668,0.6746987951807455,0.19696969696997257,0.9275053304904048,0.5,27,0.40205985231247515,0.1560565178217808,0.12951807228915868,0.3765060240963862,0.7379518072289386,0.64948223122737,0.0014313458782475585,0.48493975903616615,0.20030120481931135,28.806539410654658,0.43110166012097695,0.0026031294783724467,0.20161888247779675,16.13855421686742
94,0.3749999999997726,0.5833333333333286,0.058823529411711206,0.7364341085271313,101,-0.40310077519379917,0.2727272727270247,0.22727272727297532,0.6130952380952372,0.75,11,0.4166666666666714,0.397058823529278,0.4702380952380949,0.5,0.05426356589147119,0.060606060606005485,0.39285714285714235,0.41641566265061414,0.37878787878798903,0.060606060606005485,0.37878787878798903,105,0.8945783132529925,0.25,0.12403100775193465,67,77,0.5426356589147296,0.7228915662650707,0.08823529411756681,0.8614457831325524,0.31818181818198354,0.7164179104477455,0.5833333333333357,121,0.49810871392547035,0.11878972529569198,0.15662650602408235,0.4939759036144551,0.7379518072289102,0.4464181232171232,0.5582877545733642,0.569277108433738,0.15286144578312388,67.63949775003667,0.5120240188998703,0.0008015714646418232,0.3951067807189961,28.2198795180729
95,0.20588235294098922,0.6666666666666643,0.11764705882433191,0.8372093023255793,57,-0.4728682170542662,0.45454545454595063,0.015151515151046624,0.8869047619047663,0.75,35,0.25,0.2794117647058556,0.2857142857142847,0.3333333333333357,0.17829457364340584,0.12121212121201097,0.5714285714285694,0.25903614457831736,0.2727272727270247,0.4393939393939945,0.46969696969699726,84,0.9036144578313383,0.25,0.17829457364340584,43,47,0.6821705426356601,0.7391566265060305,0.39705882352973276,0.6686746987951722,0.1515151515150137,0.9253731343283533,0.4166666666666714,51,0.379624505087485,0.16092053503448858,0.027108433734923665,0.35542168674697905,0.8765060240964146,0.6627616635630208,0.13276094322917542,0.4774096385542066,0.21837349397588923,48.08698650021745,0.41221193603871115,0.0014661141891180365,0.17290240442184188,29.68674698795246
96,0.3088235294117112,0.6666666666666643,0.11764705882342241,0.8062015503875948,87,-0.35658914728682234,0.4848484848489534,0.09090909090900823,0.7380952380952372,0.8333333333333357,87,0.3333333333333357,0.38235294117612284,0.3511904761904745,0.4166666666666714,0.10077519379845157,0.10606060606005485,0.4523809523809561,0.32228915662648205,0.33333333333303017,0.25757575757597806,0.5757575757579616,83,0.9006024096385659,0.4166666666666643,0.17054263565891148,55,55,0.6356589147286797,0.7885542168674817,0.26470588235270043,0.7620481927710898,0.22727272727297532,0.8699360341151419,0.5,57,0.42765705679862154,0.15090994430646915,0.1024096385542066,0.40662650602408235,0.7981927710843593,0.5892265145012346,0.07107397211688848,0.5218373493976003,0.19954819277111824,69.08045434751041,0.4534276020711261,0.0011036445834587227,0.24279658906928547,33.930722891566916
97,0.26470588235270043,0.8333333333333286,0.07352941176486638,0.8372093023255793,57,-0.5038759689922472,0.33333333333393966,0.10606060606005485,0.6666666666666643,1.0,3,0.3333333333333357,0.3088235294117112,0.32440476190476275,0.4166666666666714,0.11627906976744029,0.07575757575705211,0.43452380952380665,0.3012048192771033,0.2727272727270247,0.16666666666696983,0.37878787878798903,67,0.8313253012048278,0.5,0.11627906976744029,55,67,0.6666666666666643,0.7162650602409713,0.14705882352927802,0.7771084337349237,0.19696969696997257,0.884861407249474,0.4166666666666714,87,0.3953686031253712,0.14274774044005242,0.08734939759034432,0.3644578313252964,0.7439759036144835,0.7625210366091719,0.39416678156060936,0.4781626506023997,0.1769578313252964,35.67165952968493,0.4202289541539604,0.0015611967013779246,0.23846833463688977,21.427710843373887
98,0.25,0.5,0.1323529411765776,0.8992248062015484,37,-0.5271317829457338,0.5606060606060055,0.060606060606005485,0.8095238095238102,0.6666666666666714,81,0.3333333333333357,0.3382352941175668,0.32142857142857295,0.3333333333333357,0.14728682170542484,0.1515151515150137,0.6190476190476204,0.2944277108433866,0.31818181818198354,0.3636363636360329,0.5151515151510466,41,0.9578313253012141,0.3333333333333357,0.14728682170542484,31,25,0.6589147286821699,0.7355421686747036,0.4264705882360431,0.5451807228915584,0.16666666666696983,0.9275053304904048,0.5,21,0.41411801050355135,0.1584051329288228,0.12349397590361377,0.3855421686747036,0.8343373493976003,0.7649305910769355,0.15209933197906,0.5082831325301171,0.21385542168673055,30.64231020467413,0.443198674879086,0.002590625180305935,0.21334455902984137,16.57831325301234
99,0.29411764705855603,0.5833333333333286,0.11764705882342241,0.8217054263565906,43,-0.4031007751937956,0.5303030303039122,0.10606060606005485,0.8452380952380913,0.75,99,0.3333333333333357,0.3676470588234224,0.3452380952380949,0.4166666666666714,0.19379844961240167,0.1363636363630576,0.5238095238095255,0.3072289156626482,0.3636363636360329,0.39393939393903565,0.5909090909090082,45,0.8704819277108697,0.5,0.27131782945736305,21,27,0.651162790697672,0.7939759036144665,0.26470588235270043,0.819277108433738,0.22727272727297532,0.8869936034115256,0.5,41,0.4220123738196018,0.1512678198514619,0.07530120481928293,0.4036144578313099,0.7951807228915868,0.6371702997200764,0.19804833653784293,0.5030120481927725,0.19578313253012425,37.15775148787928,0.44816594108130686,0.0020819622830049356,0.23047184378314775,18.777108433734924
100,0.3088235294117112,0.6666666666666643,0.11764705882342241,0.8062015503875948,57,-0.2713178294573666,0.4393939393939945,0.1515151515150137,0.7559523809523832,0.8333333333333357,86,0.4166666666666714,0.38235294117612284,0.3988095238095255,0.4166666666666714,0.0,0.10606060606005485,0.5,0.35542168674697905,0.3636363636360329,0.2878787878789808,0.5454545454549589,73,0.8253012048193114,0.25,0.17829457364340584,25,39,0.5968992248061973,0.6915662650602485,0.17647058823558837,0.7951807228915868,0.25757575757597806,0.7697228144989197,0.5,30,0.46121987951807286,0.13867621708013883,0.1325301204819027,0.46987951807227546,0.6927710843374086,0.19300478341317187,-0.369688484420271,0.5421686746987859,0.1867469879518069,46.371742996081025,0.481517097287734,0.0016575798431105763,0.2962906851285705,22.06024096385599
